27,87
15,81
20,52
38,112
18,45
2,45
55,190
53,125
42,81
29,101
20,42
54,154
7,5
7,21
19,17
28,39
6,44
24,20
39,172
50,120
54,138
15,90
38,73
44,148
11,-18
29,89
24,70
40,138
6,-25
15,56
6,69
54,166
3,-28
46,193
10,-13
19,57
7,3
22,23
31,117
35,66
15,49
26,63
22,71
30,81
32,139
26,84
10,41
29,76
9,60
23,75
29,54
25,123
29,32
22,80
48,166
43,107
55,204
31,81
20,92
7,-13
35,102
8,56
10,-17
31,96
32,83
46,135
25,62
50,116
4,34
43,94
47,113
25,39
29,61
2,27
55,170
45,145
54,177
10,26
9,66
4,-34
17,62
32,127
30,89
45,166
17,19
1,26
2,-24
7,5
20,87
25,57
25,89
26,61
43,159
29,82
44,138
14,0
42,119
4,0
15,-5
8,-2
10,8
2,-4
12,49
1,0
18,43
51,173
1,37
6,-6
34,67
5,-23
32,94
37,101
17,-4
6,46
16,79
54,119
6,64
37,154
28,135
8,-13
13,50
14,94
5,26
53,122
29,123
20,13
42,126
21,12
40,172
7,14
10,77
3,0
44,92
50,139
26,94
28,114
19,52
41,93
38,159
7,-12
28,43
52,208
6,-37
39,90
6,38
47,116
40,100
5,26
43,145
13,68
43,163
6,-22
28,65
32,105
44,86
28,135
26,91
7,-30
22,106
11,60
9,49
17,74
31,142
7,-31
7,-5
27,64
9,-13
26,132
24,49
10,20
45,139
32,92
27,27
19,77
1,-39
39,130
30,134
30,95
18,107
7,50
33,97
24,111
10,-5
32,68
7,44
22,118
4,33
53,202
45,91
28,83
47,99
2,-25
4,-24
53,210
7,30
50,168
44,144
40,150
24,62
26,31
1,41
46,181
10,79
23,27
2,9
37,117
28,59
53,202
54,184
37,75
43,90
12,7
51,152
34,89
51,196
48,120
44,149
24,116
21,84
26,54
34,135
12,-14
18,51
39,165
10,3
33,120
12,77
51,196
23,74
45,81
1,-32
16,47
3,5
6,4
33,124
24,127
9,64
42,130
17,66
12,80
25,25
14,9
50,120
13,56
11,67
32,54
50,179
52,180
5,-30
50,144
7,-9
47,124
18,54
38,155
39,63
43,81
6,39
4,-24
5,39
17,50
2,-3
55,186
29,123
37,105
49,116
17,103
51,152
3,33
49,97
48,188
45,81
54,168
7,-15
9,-16
8,11
8,-17
21,107
16,9
21,111
54,110
11,6
36,62
44,101
25,59
52,192
39,167
32,85
30,46
8,60
10,70
32,94
25,109
23,81
10,55
8,58
23,108
48,160
11,-12
6,30
24,22
42,91
32,109
46,126
37,68
34,91
14,49
2,54
49,187
47,170
38,129
46,135
8,47
13,-9
44,181
40,132
29,116
28,29
35,86
3,-18
11,64
11,22
20,77
30,112
6,57
11,36
27,31
50,164
43,176
1,58
22,52
3,2
24,62
34,87
45,86
55,178
14,-4
24,81
16,19
6,59
6,8
7,68
48,104
5,-31
52,159
46,151
33,46
1,-29
16,21
7,38
21,53
40,134
37,139
26,67
9,37
39,114
39,155
21,98
27,59
31,98
5,-11
28,85
35,126
7,29
44,110
36,150
30,138
52,121
31,104
48,148
44,173
17,59
7,-20
44,121
23,104
32,41
24,116
8,20
28,58
42,105
31,140
8,57
46,190
47,121
47,161
48,119
48,137
46,102
25,130
33,65
54,128
8,66
16,39
17,-4
24,85
46,171
35,91
52,142
7,43
12,69
29,40
40,75
31,100
22,31
55,136
32,111
35,55
8,41
42,160
48,143
50,111
42,140
4,-33
28,85
47,128
7,42
55,179
13,55
26,104
31,51
26,98
40,91
24,69
47,138
4,59
25,86
42,88
3,59
13,29
5,23
10,22
54,187
37,118
53,127
5,2
36,88
26,59
15,91
1,37
11,3
4,51
15,68
22,34
32,137
41,69
1,-26
22,96
9,33
6,45
10,13
14,19
24,77
22,52
36,100
24,87
32,125
36,138
12,10
15,15
42,169
9,-15
45,143
36,85
51,151
45,126
27,48
50,117
27,35
7,-10
12,0
22,80
38,163
18,64
7,65
5,-40
3,30
7,-22
16,64
49,111
45,143
8,0
50,96
40,124
16,18
25,127
50,177
17,-1
33,72
7,65
39,68
6,44
26,56
45,190
47,141
21,109
48,115
42,172
8,76
34,111
5,51
12,85
14,28
42,179
40,146
30,41
17,43
22,106
42,73
23,94
52,205
18,-1
13,26
49,136
1,-26
28,101
20,68
34,137
17,75
11,69
2,12
21,36
27,37
39,133
48,178
55,151
54,160
20,76
55,122
29,100
31,99
32,145
44,131
39,72
20,108
21,106
5,47
49,110
25,85
18,14
41,96
35,160
49,146
24,96
53,112
23,25
51,192
43,80
16,55
33,147
41,75
7,68
46,181
4,43
54,143
11,87
9,2
23,24
5,11
27,82
47,148
44,140
10,50
9,4
52,144
37,133
44,143
37,150
22,11
29,98
50,189
48,129
5,-8
48,91
6,-3
18,94
4,-19
9,24
54,140
13,50
50,156
3,-2
33,151
45,176
55,147
4,14
50,166
41,164
37,103
42,117
40,164
52,192
33,97
7,27
14,19
26,73
11,84
42,137
3,-9
28,85
50,190
41,134
29,38
24,29
38,129
28,80
34,132
32,42
40,119
9,81
40,149
36,155
11,-20
45,173
37,110
8,-19
5,18
7,31
3,21
18,86
29,125
25,118
14,45
55,171
12,-3
34,127
11,34
54,113
47,155
24,28
7,63
4,-26
29,91
12,45
27,95
41,106
23,88
31,71
8,51
22,90
2,30
51,178
47,173
49,170
50,167
39,113
40,122
5,60
12,89
6,58
39,124
5,10
23,54
27,49
26,44
34,79
48,177
26,97
39,152
14,54
24,77
16,57
15,42
48,142
43,159
26,66
27,42
40,171
41,177
24,127
21,56
49,117
35,93
22,85
45,135
54,155
42,79
42,118
46,177
10,79
42,151
10,-20
54,143
50,127
1,30
14,21
41,174
52,116
38,134
31,73
23,66
39,95
42,155
12,3
17,1
33,130
11,75
17,40
54,193
51,173
42,163
25,63
6,3
20,67
27,26
40,105
42,137
37,113
14,5
14,95
14,17
33,76
38,83
1,6
20,89
10,33
2,13
29,127
32,84
20,51
52,165
20,113
7,19
3,-27
12,32
13,26
41,132
32,135
21,66
10,-22
41,125
34,96
2,-7
38,71
32,52
32,151
33,134
36,98
54,197
48,152
13,34
30,101
44,78
31,51
26,110
3,-32
30,127
40,102
21,42
1,39
51,145
10,26
36,58
53,153
33,151
40,152
5,-36
40,151
2,17
24,48
45,156
3,-6
4,47
8,18
23,66
35,114
12,88
12,72
47,107
45,113
5,16
33,146
41,70
13,85
51,176
18,82
38,167
39,67
10,72
44,153
19,59
4,-28
15,21
55,211
42,114
45,92
30,113
53,196
40,76
36,124
15,26
11,40
39,101
17,71
23,121
55,164
39,102
54,211
37,157
32,141
46,129
21,22
27,72
27,89
55,132
19,101
47,105
8,58
10,74
34,62
5,31
23,59
3,28
21,19
27,84
3,18
15,84
19,77
35,95
25,77
1,-45
30,107
6,17
19,37
48,155
54,171
7,-6
30,113
40,137
9,15
19,21
51,148
41,78
27,106
15,80
1,8
41,176
29,87
45,96
8,74
12,-10
8,60
43,154
8,40
51,102
26,118
49,155
31,119
18,50
1,-33
26,30
31,53
6,-32
52,173
26,45
51,152
25,88
49,95
23,120
20,14
22,116
48,119
41,162
35,76
34,145
12,74
37,148
47,145
41,163
33,77
24,23
32,87
10,58
32,71
19,28
16,58
7,4
7,-29
37,128
26,41
15,41
1,19
16,35
1,-21
25,24
17,99
30,118
45,179
41,97
26,86
46,193
27,108
16,61
49,127
40,85
32,62
53,112
34,106
41,115
48,146
4,-19
21,36
51,187
2,-26
27,97
32,127
6,6
16,62
3,1
10,45
53,171
14,45
3,52
50,129
47,101
32,136
24,67
28,100
26,82
16,51
11,84
35,65
25,71
43,87
31,43
39,158
30,98
37,64
46,181
27,86
18,36
3,64
18,1
12,43
53,161
19,50
16,4
46,136
1,17
45,127
10,69
35,101
38,89
1,45
37,158
43,130
3,32
44,102
16,102
30,84
20,67
23,19
33,134
38,128
4,-20
50,196
14,24
17,13
51,150
43,98
4,-3
7,49
3,47
24,50
6,-5
5,48
4,-34
14,65
51,100
11,23
38,110
11,-22
47,154
22,77
1,16
44,153
37,103
25,51
4,11
28,80
15,56
5,-3
1,-47
52,104
53,132
28,93
30,122
11,87
37,156
46,178
40,133
45,88
33,154
51,123
54,195
17,48
1,-16
51,157
4,67
4,14
23,29
17,32
43,135
39,156
7,11
3,60
27,78
32,48
40,99
2,12
46,117
24,51
39,151
54,168
24,114
24,127
48,182
45,170
37,125
46,121
18,24
17,75
11,63
18,61
30,133
53,202
8,19
47,152
8,53
48,147
8,-9
24,85
5,3
45,139
36,72
49,152
41,84
48,159
50,136
17,57
50,152
8,1
23,40
15,35
32,97
55,210
8,49
44,109
47,86
32,120
41,110
25,23
24,45
27,105
12,6
34,67
32,78
20,111
19,3
40,69
2,-8
20,42
26,45
38,91
13,51
46,143
23,95
33,100
44,166
1,-7
22,79
39,73
11,10
2,-48
25,111
36,153
48,113
45,96
6,37
53,169
2,-4
50,108
9,48
52,163
51,148
18,32
7,-4
43,113
2,-6
12,26
45,113
30,67
33,50
49,95
40,171
5,20
49,128
13,29
17,81
21,103
35,147
24,42
36,115
26,75
20,46
6,69
28,31
40,102
51,192
18,44
45,98
2,-8
19,80
55,116
45,105
36,152
19,41
32,51
52,204
28,77
14,-10
45,128
19,100
15,-8
12,39
52,165
46,147
32,62
15,24
1,57
22,101
1,53
23,36
46,140
13,8
19,19
46,162
45,179
9,45
12,26
9,72
55,178
40,110
41,167
5,45
22,15
8,72
13,40
3,-28
47,182
39,111
32,111
5,-20
11,-20
46,124
5,19
53,200
52,147
49,175
55,170
33,111
10,45
5,60
16,-7
44,148
42,90
23,103
30,74
35,160
31,129
27,90
27,73
4,-4
2,-3
49,200
4,13
20,74
15,77
10,31
45,149
31,40
13,39
23,37
21,104
22,56
36,85
11,14
25,79
27,128
46,124
9,-14
21,78
17,68
16,87
9,-12
27,127
20,115
5,26
35,50
53,161
14,58
36,70
17,94
17,98
16,1
45,95
10,10
19,96
20,87
5,34
4,64
29,51
10,33
15,77
31,41
27,124
21,70
14,11
54,108
9,68
18,6
15,66
20,81
6,-35
36,111
19,57
47,120
43,140
39,170
47,169
16,16
7,56
4,51
30,87
11,-15
8,65
33,63
24,29
42,142
10,41
44,80
10,52
21,9
27,73
9,73
35,124
26,121
19,29
55,176
34,95
24,57
16,92
43,81
38,149
25,77
15,14
37,140
16,56
14,29
42,146
27,36
25,62
23,96
33,153
7,-24
45,88
40,174
53,145
52,136
13,77
36,113
24,127
31,143
47,164
21,20
31,60
53,112
2,36
30,39
39,137
6,33
7,19
19,84
9,35
52,111
6,-31
13,0
48,96
17,69
20,113
31,116
33,112
30,110
39,100
40,124
24,22
4,37
7,16
18,40
31,146
41,92
12,23
22,23
44,85
20,9
51,206
23,40
44,86
19,21
26,82
47,91
32,44
40,108
45,97
47,133
47,127
10,7
20,94
8,39
51,160
13,1
29,129
53,169
32,83
50,100
32,112
53,162
1,-31
52,126
4,-5
32,119
50,149
29,135
41,172
10,9
52,131
55,127
1,-35
6,22
48,174
16,1
50,185
49,143
20,16
55,135
5,63
25,69
54,183
18,83
36,113
24,73
50,188
28,39
33,84
40,86
41,176
21,105
44,185
5,16
6,40
44,93
24,45
14,23
7,17
50,184
22,118
25,117
25,124
54,190
11,45
35,102
30,117
11,11
21,47
41,150
30,100
50,106
44,146
28,78
50,172
17,20
28,55
47,95
53,175
12,10
3,63
40,172
6,39
37,137
11,36
38,59
9,13
22,80
53,192
44,172
5,53
7,18
20,91
18,62
10,37
7,-18
55,207
13,81
43,122
48,199
19,45
9,25
32,59
17,101
26,51
49,121
28,91
18,60
1,40
34,57
55,186
7,37
24,100
27,129
14,7
41,178
3,-28
44,96
13,-3
39,135
33,139
36,152
16,99
31,56
46,158
52,189
16,8
1,-42
34,69
50,172
49,198
6,-20
49,172
11,34
45,183
48,162
45,174
2,-48
9,33
4,66
38,132
5,14
50,185
28,47
45,144
38,79
6,5
38,151
53,146
3,-23
51,194
45,185
47,92
11,31
1,45
16,18
37,96
43,172
9,78
36,102
40,81
8,52
12,9
43,164
24,80
44,96
10,-3
51,185
17,5
47,143
19,95
44,183
8,-16
24,27
15,45
7,74
1,35
5,-1
55,156
40,97
27,98
27,114
31,136
18,49
16,28
38,142
35,107
46,157
38,154
15,92
55,181
46,112
45,119
30,37
9,-8
3,-10
3,12
21,107
48,168
52,192
29,136
36,58
47,106
23,76
33,141
49,155
50,151
11,37
32,76
36,93
39,171
6,19
2,55
53,149
36,55
54,189
24,120
22,65
4,43
33,56
22,120
22,46
28,49
38,125
42,105
51,157
4,-1
12,65
24,91
38,157
53,201
7,-19
49,132
11,22
17,8
3,-16
11,-3
52,147
4,30
9,9
9,81
52,202
32,105
49,106
37,160
41,75
18,68
52,123
51,154
3,31
32,86
41,80
30,56
41,98
55,189
47,160
7,-18
28,114
33,115
3,4
28,43
28,59
41,107
51,161
30,131
34,113
7,61
24,35
20,47
37,163
15,31
9,69
28,90
14,87
54,145
4,-27
4,2
14,72
11,9
1,17
55,131
51,171
42,134
52,120
29,66
24,114
14,26
32,129
55,216
33,67
40,74
37,166
25,35
32,101
50,172
34,110
40,127
32,60
29,73
19,54
37,60
5,21
50,108
15,40
46,191
27,45
31,54
45,145
21,85
27,84
4,27
12,4
23,118
24,99
51,179
31,85
8,23
9,16
37,137
19,12
21,60
6,14
1,-9
7,-3
26,74
11,76
50,199
51,190
10,-17
19,38
19,110
39,135
6,-24
4,45
23,96
16,13
36,79
20,90
14,73
39,129
16,-5
35,73
55,146
28,48
45,119
2,15
25,77
11,69
27,69
50,196
20,58
7,28
50,110
44,98
4,56
32,101
30,136
14,8
48,132
30,134
29,68
9,76
55,172
49,124
18,53
5,21
40,88
22,58
14,74
52,178
54,209
39,65
33,105
10,47
12,53
12,-2
31,78
45,85
19,11
18,2
15,64
33,95
37,148
22,67
37,166
51,199
3,-42
41,131
31,129
10,-13
45,117
7,70
7,65
2,31
40,134
24,23
40,138
2,-12
19,71
1,30
47,156
10,46
41,174
52,153
40,140
30,56
13,54
49,170
36,113
8,63
24,21
16,92
1,-42
19,72
9,23
38,142
45,83
16,43
41,96
38,65
37,76
6,-16
7,-19
20,102
11,23
18,12
12,85
5,-14
4,-43
39,143
43,113
18,100
33,99
50,101
23,92
47,178
41,138
10,3
44,170
27,116
9,37
39,154
1,-30
55,212
50,158
8,35
51,184
9,-5
1,51
40,76
44,187
21,102
8,-9
39,143
44,152
17,0
50,170
27,131
8,55
42,126
42,155
45,150
17,86
27,76
41,126
19,106
19,38
7,26
53,143
21,101
51,146
25,24
45,168
53,161
8,29
8,25
46,137
54,192
24,28
25,74
27,115
50,196
17,103
16,23
54,113
50,162
51,177
3,-40
12,18
53,116
15,17
6,52
51,129
33,93
26,108
10,24
16,50
19,44
25,32
18,33
24,46
44,162
8,36
25,59
20,65
40,69
21,98
19,16
28,38
18,85
3,40
44,182
49,172
26,110
9,4
7,-29
54,129
3,56
26,74
20,90
7,75
18,36
39,120
55,183
38,64
12,-10
2,-42
41,73
41,175
3,16
4,20
1,-28
44,142
30,64
29,116
23,45
11,5
28,126
5,5
12,79
35,86
39,84
46,152
15,9
54,130
54,155
2,55
4,31
11,1
16,10
10,62
4,26
50,203
45,146
33,152
36,69
32,76
35,60
8,-24
48,197
55,196
31,75
49,92
18,47
35,53
23,112
27,64
54,168
34,63
21,35
16,55
55,114
2,41
10,-8
18,108
5,24
39,105
5,29
52,111
12,-7
4,-30
17,93
12,1
50,165
38,126
35,155
22,12
31,105
23,55
32,96
10,44
42,179
25,93
43,137
49,146
55,202
9,81
2,-36
49,173
31,41
52,165
35,57
1,43
46,175
28,53
9,-8
8,51
7,22
28,81
24,50
48,192
10,39
49,131
17,20
36,54
6,62
39,145
47,156
11,8
25,31
13,54
4,-38
42,127
45,99
26,129
25,105
43,110
42,158
35,89
30,88
44,174
19,77
32,142
24,40
10,8
3,51
35,80
52,121
44,174
39,152
34,57
4,-15
9,22
24,126
31,140
4,-30
30,117
29,122
42,128
45,161
48,143
34,54
41,165
35,152
36,63
38,120
18,21
37,92
11,-19
44,97
47,145
25,40
47,194
12,84
42,111
31,118
6,47
8,25
21,109
1,57
23,85
27,126
44,108
15,20
13,16
7,18
52,125
35,95
21,66
25,100
35,73
26,98
40,172
42,130
44,184
19,35
20,35
49,98
44,168
40,126
21,17
14,21
23,65
3,-11
39,171
20,60
22,71
37,127
30,81
35,94
34,114
17,9
27,71
1,33
27,54
19,105
34,83
41,126
37,57
43,184
7,38
4,14
18,81
4,65
15,19
19,89
16,53
50,133
34,107
39,171
19,21
8,46
4,64
9,-28
54,191
41,94
13,15
49,92
49,200
21,31
48,124
33,97
17,62
33,88
55,126
5,9
44,122
42,122
11,81
31,130
36,75
36,125
30,144
18,78
18,7
10,46
31,129
38,158
24,35
21,97
41,150
9,76
24,125
31,55
45,164
41,168
36,140
48,127
48,160
3,-24
9,5
13,24
30,118
37,123
40,112
12,3
6,15
47,124
28,46
52,172
37,58
53,197
44,177
17,90
34,116
53,191
46,192
52,191
4,-8
52,210
43,89
26,70
15,64
9,46
31,41
25,129
33,138
4,-27
38,133
6,18
43,109
8,59
26,29
41,127
17,48
29,45
44,135
29,127
7,34
27,36
5,38
44,81
27,52
52,192
46,127
17,83
10,76
11,63
34,58
52,171
55,199
27,72
38,129
45,169
45,159
33,84
17,8
27,119
34,112
22,20
7,-15
27,71
40,90
36,135
1,4
23,46
9,13
26,57
1,-45
25,68
23,90
46,163
47,116
26,52
10,50
15,11
51,162
37,135
28,41
41,114
38,61
8,69
1,-9
3,-7
49,126
13,43
6,30
19,14
4,-8
53,138
34,132
42,122
42,89
26,89
48,149
43,148
20,36
41,159
12,-11
55,157
19,56
41,75
15,36
30,97
31,124
36,93
33,50
22,13
46,128
22,48
25,24
39,114
49,199
3,-30
47,162
16,23
37,138
37,148
51,148
6,3
8,21
50,139
5,33
7,47
52,142
37,125
53,158
11,10
25,51
12,19
45,160
33,116
51,149
34,116
7,18
53,119
3,57
31,66
6,69
55,142
19,77
34,51
22,64
19,31
12,26
50,178
18,9
45,150
8,66
53,193
51,130
10,7
35,101
37,163
42,153
26,105
49,161
18,7
12,64
16,-6
45,90
14,74
34,144
53,185
24,82
27,80
52,112
2,-49
37,142
31,143
22,11
39,145
3,33
11,82
35,124
53,169
45,188
8,55
27,130
30,96
1,-21
6,48
22,26
39,148
55,150
23,32
47,186
28,111
46,95
7,8
51,117
35,146
37,163
14,70
41,83
11,20
46,126
29,46
36,143
33,112
34,133
5,65
15,72
34,112
47,108
15,29
18,38
38,117
49,163
21,51
10,29
28,39
15,46
40,141
31,65
28,124
8,35
55,129
5,19
49,173
13,0
33,112
43,110
51,135
14,80
33,63
14,80
39,75
23,95
36,107
9,16
16,49
48,171
9,4
45,116
42,149
6,-14
49,93
54,211
18,25
38,160
36,74
32,127
6,-22
9,-22
32,111
34,111
18,90
25,57
30,129
12,77
32,116
37,67
28,73
35,90
21,97
14,32
5,37
27,98
18,40
49,153
24,50
3,31
3,-34
41,113
28,70
37,138
19,3
35,85
53,160
26,133
45,93
1,40
31,148
33,77
9,37
53,186
8,52
54,180
10,-25
49,116
49,138
4,10
47,140
30,129
2,20
1,-47
52,208
43,178
14,23
29,35
18,91
33,70
2,54
17,88
35,66
11,23
49,159
27,135
4,27
43,108
13,27
16,100
38,133
46,168
38,82
37,93
41,133
9,-4
26,31
22,92
4,18
35,104
35,81
27,58
31,142
5,70
50,185
43,168
35,155
24,125
23,107
51,157
2,-37
38,133
40,113
14,71
34,61
29,126
15,53
52,144
20,86
47,171
5,-38
50,110
12,85
9,18
25,52
55,120
26,37
3,-40
43,75
2,-12
8,55
42,148
14,71
29,57
36,75
8,32
40,113
50,130
24,34
10,-1
31,80
42,90
18,4
30,117
10,9
28,74
29,138
37,103
54,210
42,83
35,67
49,142
53,112
22,45
40,150
27,124
33,54
41,139
32,147
29,120
36,163
17,104
38,117
47,120
30,88
50,107
43,109
12,-10
38,130
34,157
46,116
18,99
26,132
41,143
42,148
23,30
43,139
44,112
41,73
20,102
17,21
53,146
18,45
54,156
25,40
14,77
46,160
37,60
37,93
38,83
1,-27
21,22
26,30
18,30
53,147
38,105
27,66
53,154
42,169
47,86
35,100
12,-2
55,175
44,131
49,145
10,52
21,90
33,151
44,142
5,-14
3,-2
9,-12
55,207
22,52
36,74
3,50
45,111
40,76
43,108
44,146
32,137
22,109
31,44
27,113
39,147
28,137
40,84
13,23
45,129
34,108
44,110
23,105
9,25
2,-24
27,114
46,136
15,87
23,68
31,64
41,146
55,132
35,105
15,60
4,4
43,151
2,0
38,93
36,98
23,37
34,143
24,52
5,-35
47,138
36,121
45,152
29,59
29,53
1,-16
20,8
41,104
55,209
40,173
31,141
45,187
5,57
32,84
17,103
30,84
48,107
4,-2
19,45
2,-45
21,54
5,-23
55,185
55,145
48,150
22,58
29,104
35,108
37,108
20,89
33,151
51,175
2,-9
33,76
4,12
36,125
22,104
22,49
30,94
35,148
46,115
27,119
1,-12
8,46
44,116
28,101
34,135
49,114
29,140
21,98
31,111
46,121
32,57
15,77
16,75
35,107
11,-2
11,50
51,100
24,85
44,94
3,10
51,146
16,46
26,97
21,97
24,91
9,9
23,67
10,-20
14,87
37,95
33,141
30,47
44,146
14,97
36,153
41,99
23,81
9,-9
38,156
13,3
8,33
54,128
36,133
30,129
47,141
45,80
22,37
31,56
45,171
4,67
55,162
12,70
41,148
43,143
10,0
10,30
20,94
32,124
45,156
32,49
41,154
22,59
6,31
48,119
33,92
27,104
24,17
46,161
24,84
7,36
41,161
50,141
4,13
47,94
43,116
40,73
30,134
2,25
40,157
14,-3
37,67
15,88
39,134
46,119
23,36
47,117
28,107
29,46
8,-14
13,-8
36,65
44,171
26,23
3,6
49,199
18,26
46,161
3,4
53,172
26,125
40,97
44,145
14,19
5,-16
32,128
29,70
13,42
19,34
12,76
46,183
51,200
4,-40
41,138
15,66
26,98
8,64
30,88
8,1
52,183
53,146
42,73
26,126
24,56
12,16
46,145
30,101
54,157
11,-6
54,168
8,31
42,133
8,-11
1,-45
23,70
30,134
27,38
10,53
13,15
6,-26
32,102
30,141
29,129
23,47
23,15
51,152
4,-18
45,97
39,107
34,132
46,93
51,146
28,52
25,79
13,84
1,16
8,2
41,72
19,12
47,159
26,86
49,137
18,51
40,139
26,89
1,-45
1,-47
18,29
30,119
28,82
5,-10
44,174
33,64
5,14
29,84
27,116
11,-18
49,92
6,-10
41,74
48,96
6,30
13,30
22,116
24,56
10,16
22,73
52,202
49,95
8,-15
32,118
19,33
53,199
24,113
35,140
48,112
29,81
52,137
15,87
1,53
32,128
49,116
27,76
22,18
13,91
16,41
1,-31
51,127
19,55
5,46
7,-8
4,-23
22,77
8,9
33,89
51,184
14,33
15,13
18,51
37,158
47,108
19,86
1,36
30,124
17,17
37,77
9,14
6,-4
14,55
39,164
11,0
14,37
26,71
2,-1
33,116
19,101
6,-16
17,11
41,77
46,171
42,175
21,107
48,151
55,167
24,107
15,65
33,57
33,112
23,104
32,135
50,115
52,148
51,132
6,25
5,29
28,97
44,128
33,55
11,25
22,34
35,57
36,132
22,115
4,61
44,164
36,80
18,80
19,105
15,59
45,167
27,89
46,112
9,-4
29,140
10,-19
32,54
47,164
4,9
48,194
16,66
55,177
21,91
38,153
52,124
10,42
39,131
50,138
53,140
19,41
55,134
53,184
20,102
15,19
8,78
8,33
37,97
2,42
35,98
40,115
32,87
37,93
16,59
15,24
37,123
13,90
25,63
20,92
26,68
48,97
39,75
46,113
55,179
41,108
49,190
53,141
38,91
40,134
11,21
48,165
52,129
2,-41
32,123
9,58
42,122
33,76
10,-2
27,133
54,216
26,25
43,105
14,-3
33,54
44,114
34,83
47,161
33,99
19,84
1,13
36,112
7,1
51,133
19,3
47,123
20,91
41,80
5,13
48,133
39,90
53,165
36,129
27,55
24,74
10,46
34,113
42,130
40,125
40,169
12,18
36,109
21,28
18,24
39,87
11,59
13,89
5,-1
29,136
6,34
18,50
30,62
8,12
4,36
17,98
31,75
15,40
35,53
15,-8
13,27
28,136
11,72
8,55
34,144
54,202
48,151
21,11
27,123
10,61
38,104
24,116
4,0
25,24
53,204
13,4
8,45
28,41
11,27
12,77
42,105
32,87
38,167
34,61
39,115
16,48
27,38
13,1
21,32
41,74
46,91
51,139
20,6
29,88
54,136
24,93
29,90
11,-1
17,44
30,131
34,65
53,105
44,150
4,-8
29,46
29,119
2,-17
47,188
27,133
19,34
53,114
17,83
24,113
45,91
40,133
23,75
7,-3
38,83
15,12
37,148
5,20
11,49
38,152
51,141
5,48
22,107
5,-20
46,155
44,154
7,-4
7,27
18,-1
29,121
32,140
10,-14
20,91
21,81
52,107
7,3
42,171
48,91
1,4
51,206
19,48
34,55
30,44
7,66
48,158
3,39
31,40
1,-51
37,129
20,19
52,158
10,2
1,-37
26,41
1,-13
15,14
12,91
9,23
36,85
1,27
13,12
29,96
45,186
50,181
6,-17
15,55
25,84
44,181
2,38
11,-17
11,1
52,166
24,110
15,85
4,0
1,-11
47,111
29,78
18,31
9,21
33,59
35,129
6,46
24,54
21,94
54,132
6,48
10,79
30,136
47,139
1,48
39,100
21,61
53,134
34,128
46,191
33,143
34,72
3,-30
31,72
14,89
10,-9
43,135
49,134
55,146
4,21
36,77
45,131
55,132
42,83
40,135
20,88
13,70
38,122
18,30
4,-30
23,51
1,-45
19,89
10,76
26,47
30,127
45,161
15,28
12,-19
41,94
22,109
41,93
52,128
26,68
19,88
4,-4
33,46
2,43
52,126
38,96
48,161
41,73
35,105
26,29
26,102
43,110
39,152
28,48
25,76
19,31
20,98
42,168
40,163
14,12
44,96
11,67
20,8
14,3
27,79
45,177
40,143
19,57
40,104
40,147
15,39
10,-19
37,142
21,97
28,129
44,124
28,34
7,-30
17,17
46,94
19,90
55,218
20,101
12,45
50,173
44,80
41,135
15,23
54,174
24,125
4,17
47,86
24,62
12,-4
50,186
34,124
9,78
28,45
16,80
12,-19
24,65
45,138
26,56
36,125
54,189
45,134
17,100
41,81
24,75
45,158
18,24
22,89
13,13
55,194
5,-36
17,38
47,165
54,217
39,97
47,138
27,85
21,58
30,91
43,169
38,102
4,29
21,52
42,83
53,170
32,49
50,143
13,64
44,161
54,107
24,18
32,43
44,185
46,183
27,59
44,101
27,132
14,83
32,90
40,92
3,-31
36,128
41,68
13,75
38,78
22,98
44,175
26,72
25,40
5,-16
7,-15
19,78
27,48
39,103
9,54
3,40
22,101
42,180
6,37
7,36
32,94
53,145
6,-12
45,126
1,-39
25,129
42,121
21,27
30,58
26,46
53,128
12,11
43,181
37,84
20,72
28,59
12,-15
13,85
32,132
41,79
45,178
10,78
55,152
29,137
43,98
26,118
40,119
30,130
35,131
19,101
16,83
48,156
48,153
22,59
23,14
28,98
33,46
25,108
22,75
55,115
33,100
42,151
18,80
48,142
40,75
4,22
47,113
19,63
16,81
8,-2
44,153
13,-13
10,-14
13,-4
51,131
49,153
6,68
48,89
24,71
47,115
38,149
42,77
37,113
22,15
11,71
15,45
53,197
17,106
40,108
45,156
48,89
11,48
37,135
4,-7
29,43
51,193
53,111
18,77
34,123
40,143
33,83
12,32
51,104
55,158
28,69
33,62
1,-23
26,54
14,-11
40,94
6,55
9,5
28,77
36,89
29,96
27,45
19,82
16,24
36,150
21,57
23,46
47,131
24,84
52,186
37,139
17,84
7,-8
11,37
7,69
42,74
47,117
7,59
34,146
42,131
34,133
45,170
36,57
50,164
36,128
5,-33
6,13
46,117
29,85
18,22
27,70
43,104
34,148
46,142
44,84
31,122
26,53
20,81
53,158
49,102
33,79
4,46
42,140
30,121
12,67
13,5
25,41
55,198
17,55
41,148
22,98
53,128
1,22
55,185
53,183
44,160
43,140
47,151
4,44
29,52
10,24
49,187
48,167
9,18
27,54
19,48
10,49
39,139
16,96
16,17
55,181
53,194
24,73
25,86
15,28
14,-5
46,84
7,43
18,104
44,100
46,108
35,98
19,74
48,184
5,70
10,75
9,-26
42,116
8,27
21,100
24,56
22,70
1,-6
23,117
1,46
30,78
10,29
29,37
25,101
35,127
21,68
10,44
38,158
13,3
50,171
53,209
38,166
21,71
47,101
52,115
1,-23
3,-15
50,197
54,118
19,103
14,10
24,56
21,25
8,-19
29,90
7,-30
20,44
30,119
15,81
7,35
11,-17
6,60
18,84
43,163
8,-13
36,128
16,58
41,119
44,111
29,126
22,101
22,13
31,69
13,51
14,-8
38,137
44,132
48,117
48,192
30,41
1,44
10,28
22,29
19,107
9,14
11,16
38,94
14,55
24,55
28,65
32,57
22,117
12,57
21,98
21,109
23,114
18,2
22,27
16,7
48,147
6,-17
21,44
1,57
53,186
4,-3
30,51
11,59
34,51
10,60
12,54
37,160
52,135
41,73
10,60
47,132
46,160
52,117
43,75
18,29
55,193
41,120
3,6
7,37
7,-31
30,119
50,146
34,145
9,49
10,82
47,109
46,108
28,35
49,144
21,89
21,10
32,84
36,71
13,2
42,93
15,-7
16,8
24,116
53,207
43,115
5,42
41,140
13,28
45,152
4,10
46,164
32,66
36,87
36,57
47,177
5,-18
43,105
16,13
21,49
55,166
21,89
8,16
33,124
26,45
18,71
36,161
31,95
40,146
17,15
11,43
12,84
36,54
38,132
37,152
41,80
40,126
3,-20
36,114
27,66
18,47
35,140
6,-29
24,38
28,81
10,20
13,0
17,69
48,104
48,185
26,28
44,149
3,50
17,-2
12,65
29,59
10,52
12,60
7,46
11,46
17,53
28,138
50,118
23,117
14,0
50,107
11,77
42,163
42,100
50,138
6,28
33,55
39,77
35,148
27,43
37,63
8,16
33,115
55,155
53,201
54,107
13,64
12,42
16,84
52,142
10,-12
17,11
38,159
15,56
22,67
35,141
7,-34
36,125
42,72
34,60
11,32
29,141
45,175
33,60
51,171
9,77
44,158
19,81
44,152
31,147
17,78
2,-46
43,138
55,182
50,99
40,107
21,18
29,87
44,88
34,95
48,161
2,34
19,65
41,72
54,150
42,165
27,127
34,151
35,72
22,99
29,41
20,27
6,54
44,106
27,30
48,161
24,29
47,95
37,73
15,47
1,25
19,3
29,92
50,116
35,71
26,118
38,113
15,96
11,30
22,108
48,99
54,198
13,19
36,70
7,22
6,55
14,-1
8,7
15,89
50,162
20,69
13,15
27,45
44,176
47,122
6,28
38,145
44,121
7,-1
34,140
14,12
20,15
55,126
48,189
13,49
7,5
15,73
39,141
7,23
21,113
6,39
51,186
20,80
49,121
10,51
16,29
2,0
25,87
33,90
54,172
41,130
38,167
32,147
53,150
13,42
53,142
2,-19
39,128
46,181
19,20
52,158
24,86
18,106
25,114
14,14
9,52
55,202
25,68
43,83
30,93
40,117
29,100
6,56
17,100
35,132
14,38
22,98
20,90
6,-18
5,-27
15,94
6,-10
33,45
33,79
33,149
55,159
35,149
19,9
9,50
7,50
53,180
49,110
15,65
9,-3
8,-17
39,124
21,58
11,11
21,46
54,112
46,108
20,28
36,74
31,95
30,74
30,94
54,217
33,105
17,26
32,47
46,89
38,69
39,131
47,180
41,136
33,71
5,61
38,71
4,28
36,163
6,-33
29,72
21,115
32,92
53,210
43,113
2,49
19,81
53,138
1,-1
43,83
50,95
1,-42
15,77
28,44
8,67
34,67
37,118
16,86
47,119
49,182
27,35
52,151
25,99
47,174
5,-11
36,122
6,25
45,148
10,12
31,134
8,18
16,77
21,83
17,-3
35,148
52,152
49,139
25,115
54,109
35,99
54,176
13,86
26,91
36,92
37,146
31,132
25,41
41,163
54,174
20,58
21,59
41,139
6,-11
37,71
45,125
46,117
19,15
38,145
51,121
36,77
7,6
44,136
45,150
9,48
47,107
29,86
14,1
27,105
27,60
49,159
12,24
24,125
39,160
12,66
49,108
24,32
9,38
4,45
46,120
55,146
44,86
54,217
50,96
44,180
18,48
13,-6
17,31
39,79
46,171
3,-25
18,39
52,132
5,20
18,15
19,98
44,135
16,54
17,13
53,207
17,62
17,71
26,130
53,147
34,104
8,66
47,165
19,13
48,92
38,80
28,43
41,158
52,192
45,139
25,110
21,67
44,187
51,163
2,41
16,42
20,81
24,81
5,2
4,-24
17,88
32,99
33,151
46,169
21,98
45,123
28,130
28,44
26,56
32,43
37,132
9,69
1,6
20,16
19,90
43,98
34,154
20,14
30,79
20,63
15,29
36,79
31,134
15,9
23,16
46,98
29,104
20,108
42,161
21,55
1,-36
47,178
49,155
20,81
42,85
50,171
24,115
6,-28
35,155
50,141
22,70
36,74
23,57
48,112
53,107
21,20
21,44
25,76
12,8
38,140
18,84
48,107
31,55
44,162
36,136
18,46
12,28
9,53
8,38
1,36
48,144
36,68
31,87
47,135
33,66
7,44
45,114
12,49
40,120
16,83
29,90
5,-15
11,65
49,114
6,-13
41,163
11,60
35,85
54,172
54,186
37,136
45,177
21,94
24,124
28,105
5,-24
21,49
32,55
48,127
13,47
4,20
24,75
13,24
54,217
29,69
14,66
26,131
49,102
1,38
53,146
21,53
33,92
27,110
23,124
1,41
51,196
42,127
8,-2
7,9
5,-25
8,-26
18,69
37,87
4,-41
29,38
15,24
28,89
53,120
46,134
16,36
20,100
33,55
6,-33
19,7
16,92
24,111
51,139
46,149
48,130
11,15
24,120
9,-7
46,93
40,88
44,148
14,51
1,48
10,68
3,-9
13,12
3,-13
53,199
11,19
35,131
21,97
32,66
30,35
25,103
54,108
23,108
8,36
30,74
9,-9
39,125
16,65
52,189
33,78
44,118
36,95
30,113
6,72
10,12
55,135
14,95
5,45
32,56
40,66
49,110
53,158
27,28
55,213
4,-26
20,34
16,73
17,78
43,105
28,70
33,146
44,158
21,78
16,45
50,121
15,57
31,142
23,70
26,92
39,162
20,24
9,28
24,97
20,16
3,41
42,133
27,67
44,119
17,11
9,66
41,133
49,92
52,202
50,149
12,23
2,22
30,102
51,189
23,38
48,188
26,128
53,196
47,94
43,173
34,61
17,7
15,99
30,117
37,142
13,46
51,120
28,64
31,77
2,19
48,162
10,72
51,192
51,207
32,88
22,34
47,166
48,121
31,55
28,78
14,9
20,67
8,-6
46,85
53,197
36,85
28,60
55,179
28,57
16,72
7,-6
22,15
3,62
7,-1
17,48
46,188
26,52
49,195
44,171
48,181
54,107
18,106
11,51
35,140
28,126
33,135
7,9
18,86
51,108
50,196
30,140
18,99
26,121
10,77
13,-7
17,90
25,105
52,130
50,165
48,173
10,-22
27,104
36,163
40,120
2,38
7,-7
42,174
41,96
25,79
36,149
11,43
3,-3
36,120
33,48
34,58
35,51
54,203
21,80
13,52
3,59
41,116
8,0
24,103
32,75
12,88
48,144
3,9
11,88
25,89
50,181
17,48
39,71
33,121
48,123
49,161
44,148
3,-42
46,115
55,219
28,134
41,92
53,197
22,116
41,89
42,142
48,95
50,164
39,98
7,68
55,147
49,133
52,104
17,88
34,150
1,-45
54,210
41,128
42,166
3,29
43,97
43,169
21,62
32,149
30,60
50,181
20,57
13,30
22,102
17,12
6,-2
48,108
22,106
43,135
29,116
8,-2
54,189
47,116
30,47
52,210
8,14
38,117
5,53
17,106
47,110
15,58
55,115
17,92
45,87
34,97
27,91
16,89
13,21
4,-33
14,-3
50,166
30,68
51,128
28,55
21,106
45,147
39,130
33,141
31,146
46,144
23,75
16,21
7,45
38,84
1,43
21,73
47,101
33,140
44,179
25,99
7,-28
36,86
20,79
35,139
10,-4
35,108
55,123
19,38
24,54
24,88
42,160
27,76
1,-7
20,27
12,81
43,127
2,26
14,57
7,-5
55,181
23,31
3,53
17,35
16,59
6,71
39,125
44,113
9,53
44,179
3,40
7,33
34,137
51,151
54,170
13,82
55,176
52,103
9,46
40,72
16,23
2,27
10,1
47,173
10,30
48,93
36,80
29,131
19,91
31,80
8,68
13,1
44,92
53,131
44,94
24,60
39,63
16,34
2,18
13,73
54,207
13,48
38,124
30,62
28,129
30,48
24,124
7,66
17,19
6,26
22,22
8,1
30,60
23,49
4,23
17,52
46,126
19,83
41,76
54,158
11,70
24,18
26,86
49,179
43,77
49,140
52,194
27,119
11,73
50,179
2,18
12,69
43,99
15,34
40,118
37,82
3,-45
34,87
25,128
44,121
13,92
52,190
52,202
10,-12
26,113
47,193
17,73
38,157
13,25
9,68
37,127
35,155
13,63
34,103
17,84
9,75
27,76
33,82
20,68
20,72
1,31
34,114
35,76
30,75
5,56
3,35
55,186
23,22
49,198
30,82
5,67
2,17
41,156
1,20
11,77
28,76
3,25
24,49
39,153
42,112
17,57
16,102
27,29
29,104
30,107
50,188
42,77
11,37
4,3
29,33
22,48
34,58
42,123
32,78
38,107
33,110
14,48
50,117
3,45
34,70
24,58
51,133
39,122
50,149
8,4
22,92
10,84
12,-18
32,86
53,184
33,54
24,93
15,-7
48,122
52,177
55,113
32,140
16,38
17,38
19,13
14,-6
55,122
55,200
16,94
43,139
34,121
5,1
4,36
34,97
47,172
12,50
19,84
11,73
14,84
24,98
31,61
36,122
40,118
42,131
21,28
6,47
44,183
31,121
26,62
55,180
38,106
40,139
21,53
23,51
20,33
8,12
34,96
42,113
25,22
46,138
21,96
21,37
20,78
47,135
13,77
3,-20
19,73
4,-28
51,143
28,106
7,57
42,103
16,89
5,-3
48,146
7,24
6,70
27,124
34,133
50,132
6,64
8,-3
53,125
55,215
10,11
35,113
10,-2
18,43
20,78
42,91
38,143
15,-6
48,106
34,136
7,-19
55,182
39,64
41,174
3,23
15,92
33,126
30,119
12,14
19,111
17,97
16,53
6,57
39,151
46,140
36,106
47,159
1,10
35,112
17,66
15,-8
37,107
23,121
13,45
23,58
5,-5
8,-2
20,61
52,208
40,145
14,-3
52,175
54,131
52,106
9,43
22,121
27,68
47,110
34,110
45,108
30,39
45,125
15,-8
11,38
51,191
26,121
42,117
19,59
51,202
54,151
49,198
21,101
36,100
1,2
38,91
24,47
10,10
12,82
39,125
7,61
43,118
9,4
14,75
8,-6
41,160
12,2
3,11
36,146
33,112
36,151
29,128
28,60
10,79
50,129
47,91
23,123
5,41
6,68
5,-26
27,95
5,23
22,27
18,7
29,120
10,33
37,153
43,172
18,25
34,109
8,19
52,171
17,3
34,150
14,47
37,102
16,68
51,203
31,118
33,79
1,-22
3,5
8,-10
45,169
44,99
5,39
8,38
11,25
5,41
41,149
11,28
23,15
19,96
35,52
23,102
43,130
18,22
31,142
34,69
20,62
22,18
55,206
5,44
35,148
33,86
30,108
42,148
40,126
11,36
40,96
35,123
24,67
23,82
20,98
20,68
25,26
52,136
13,25
23,91
43,144
15,92
41,95
11,2
46,174
38,150
26,90
16,81
5,46
10,83
1,-15
15,87
38,164
41,111
40,74
37,112
42,127
34,58
21,59
54,181
52,158
24,80
28,123
20,58
42,132
42,134
44,149
42,168
46,176
24,53
28,133
43,102
6,-20
11,-14
44,171
12,22
25,80
36,87
30,69
7,-2
35,117
7,54
8,-20
55,214
34,95
12,79
26,99
28,65
54,171
19,60
17,97
10,76
54,136
25,112
45,91
42,75
43,166
12,32
14,7
22,68
4,31
52,112
8,-24
5,-16
25,20
5,54
54,175
48,168
48,147
48,190
22,12
39,127
3,54
23,86
44,121
24,24
50,153
10,-2
23,16
22,61
55,125
8,35
30,78
21,62
23,98
19,83
6,6
9,52
36,58
36,107
3,27
7,64
41,85
1,50
6,39
40,125
35,160
26,65
3,-33
31,61
8,35
48,180
32,129
48,131
54,132
3,46
50,154
46,131
29,54
21,72
48,124
34,114
41,173
53,162
21,14
24,68
13,-9
8,20
32,151
6,23
37,136
15,15
7,29
9,64
45,82
52,197
50,131
43,74
40,105
36,86
33,105
27,41
2,-11
46,160
11,39
6,-29
16,15
5,61
31,147
51,143
11,56
2,36
42,109
54,182
35,145
41,96
50,136
48,149
42,163
15,45
10,71
37,135
55,166
16,33
36,78
27,99
33,112
5,23
32,146
27,68
36,159
18,77
3,-32
20,18
27,51
21,83
27,135
1,-24
43,129
5,21
10,20
26,62
15,85
14,51
5,34
15,51
31,114
49,124
13,73
19,25
11,41
11,-3
14,7
17,49
33,60
21,54
19,49
4,60
19,86
11,74
4,0
28,63
18,99
3,-7
8,51
18,103
22,28
34,117
33,127
18,21
45,181
33,111
26,35
3,28
8,63
21,64
34,74
26,24
38,91
7,20
42,174
4,-2
20,70
4,57
32,49
3,-10
29,67
10,-8
20,68
9,30
15,59
16,89
42,179
45,179
41,72
43,125
25,32
10,2
5,-35
1,-11
1,-9
2,60
14,43
10,-21
1,-38
1,-13
35,55
15,88
28,30
30,132
1,36
27,74
47,90
52,130
24,121
19,20
43,146
29,96
30,90
16,60
3,-6
6,7
42,129
34,70
5,-23
43,107
32,73
12,-4
29,70
49,197
27,34
50,162
45,181
24,86
40,123
4,59
31,145
6,36
23,104
26,131
7,26
13,71
42,137
23,23
52,110
17,26
16,55
47,194
35,77
2,-40
50,109
14,51
30,130
21,53
6,13
47,181
49,148
52,196
36,88
17,16
17,55
47,135
24,78
8,17
5,-32
8,-29
11,30
7,74
2,-8
25,113
11,1
15,44
38,113
30,75
2,-9
2,-12
9,64
10,-6
32,132
39,162
40,116
